{
  "point1": {
    "x_cord": 0.48090747810939316,
    "y_cord": -0.008016941351518057,
    "orientation": -18.085669238818532
  },
  "point2": {
    "x_cord": 1.186134725945373,
    "y_cord": -0.08436887315414936,
    "orientation": 178.46376755228206
  },
  "point3": {
    "x_cord": 1.116649468367541,
    "y_cord": -0.9123346198100988,
    "orientation": 177.45721896551038
  },
  "point4": {
    "x_cord": 0.09108160140864921,
    "y_cord": -0.8106791525682955,
    "orientation": -179.99012944642655
  },
  "point5": {
    "x_cord": -0.003977620238196922,
    "y_cord": -1.6539544912151243,
    "orientation": -176.18078601590744
  },
  "point6": {
    "x_cord": -0.3074802783363378,
    "y_cord": -2.480367079654538,
    "orientation": 5.153446601623187
  },
  "point7": {
    "x_cord": 0.9657932886992527,
    "y_cord": -2.5859180459638647,
    "orientation": 176.23405423244103
  },
  "point8": {
    "x_cord": 1.2041245479244584,
    "y_cord": -1.7803261278983948,
    "orientation": -3.1342699041191993
  },
  "point9": {
    "x_cord": 2.728903753003328,
    "y_cord": -1.8166907628542817,
    "orientation": 89.14910088619466
  },
  "point10": {
    "x_cord": -0.16471458128977656,
    "y_cord": -0.7658012535982575,
    "orientation": -2.952648419075442
  },
  "point11": {
    "x_cord": 2.7952353579660825,
    "y_cord": -1.2778179790134268,
    "orientation": 95.31025176483277
  }
}